9c530272-5cf6-4db1-89ab-3ad6f0e2fc0a|Estilística|Estilística|null|ngb
601dc42d-4043-4a11-a82e-53be13fdf230|Estilística - Anacoluto|Anacoluto|9c530272-5cf6-4db1-89ab-3ad6f0e2fc0a|ngb
3736bc90-9641-4744-b9de-5be5d52ca74e|Estilística - Antítese|Antítese|9c530272-5cf6-4db1-89ab-3ad6f0e2fc0a|ngb
7922c2ab-8cea-4905-adba-e4c32075d67c|Estilística - Apóstrofe|Apóstrofe|9c530272-5cf6-4db1-89ab-3ad6f0e2fc0a|ngb
5a471cda-8773-4dd6-8237-10a27b79d316|Estilística - Catacrese|Catacrese|9c530272-5cf6-4db1-89ab-3ad6f0e2fc0a|ngb
ff62bd86-9a78-4ee6-9d12-f3ff37a73374|Estilística - Elipse|Elipse|9c530272-5cf6-4db1-89ab-3ad6f0e2fc0a|ngb
a04839a4-4808-4ef1-b585-ca8e133ab879|Estilística - Eufemismo|Eufemismo|9c530272-5cf6-4db1-89ab-3ad6f0e2fc0a|ngb
3305c3a0-a225-493d-be2c-0bba27881800|Estilística - Gradação|Gradação|9c530272-5cf6-4db1-89ab-3ad6f0e2fc0a|ngb
a8357e3f-0ea6-42f6-aae8-0532fd00a4b5|Estilística - Hipérbole|Hipérbole|9c530272-5cf6-4db1-89ab-3ad6f0e2fc0a|ngb
42601a71-9f8c-45c2-9df8-3d6416989c1a|Estilística - Inversão|Inversão|9c530272-5cf6-4db1-89ab-3ad6f0e2fc0a|ngb
8ce17357-8c1b-4ecb-a777-7e797c4ff812|Estilística - Ironia|Ironia|9c530272-5cf6-4db1-89ab-3ad6f0e2fc0a|ngb
989da1ee-3d14-4ae8-b77a-c170c167406e|Estilística - Metonímia|Metonímia|9c530272-5cf6-4db1-89ab-3ad6f0e2fc0a|ngb
acf2733f-9733-4382-a42a-aa80b443bf92|Estilística - Metáfora|Metáfora|9c530272-5cf6-4db1-89ab-3ad6f0e2fc0a|ngb
b761d197-286f-4e28-9c97-96614854d88e|Estilística - Onomatopeia|Onomatopeia|9c530272-5cf6-4db1-89ab-3ad6f0e2fc0a|ngb
fc20add9-6635-4884-9f56-1de053cc9037|Estilística - Paradoxo|Paradoxo|9c530272-5cf6-4db1-89ab-3ad6f0e2fc0a|ngb
1123eea2-9069-41b9-9462-07c5497d32c3|Estilística - Personificação|Personificação|9c530272-5cf6-4db1-89ab-3ad6f0e2fc0a|ngb
125851a3-5099-4161-8ce3-c24a32cf99b1|Estilística - Perífrase|Perífrase|9c530272-5cf6-4db1-89ab-3ad6f0e2fc0a|ngb
37c75264-c234-434f-873f-8e4f51f70c79|Estilística - Pleonasmo|Pleonasmo|9c530272-5cf6-4db1-89ab-3ad6f0e2fc0a|ngb
e1a1a9d9-e77e-45e2-897f-7dd4ebfdb399|Estilística - Polissíndeto|Polissíndeto|9c530272-5cf6-4db1-89ab-3ad6f0e2fc0a|ngb
1c4617c3-1ccf-46c8-8b8c-28566d370e51|Estilística - Repetição|Repetição|9c530272-5cf6-4db1-89ab-3ad6f0e2fc0a|ngb
658d04c5-7164-4f9d-9d97-fbf1be68c574|Estilística - Reticência|Reticência|9c530272-5cf6-4db1-89ab-3ad6f0e2fc0a|ngb
72b224f2-b9dd-4cef-8f4e-bd6a5ee852e8|Estilística - Retificação|Retificação|9c530272-5cf6-4db1-89ab-3ad6f0e2fc0a|ngb
909574e9-38b3-423e-af4b-8ee66e58ebab|Estilística - Silepse|Silepse|9c530272-5cf6-4db1-89ab-3ad6f0e2fc0a|ngb
695383a7-7ff6-45a8-aad9-70a1f3c1f0b3|Estilística - Silepse - Gênero|Gênero|909574e9-38b3-423e-af4b-8ee66e58ebab|ngb
56f48d4a-3b23-4ad8-9586-df4fc74a7b1a|Estilística - Silepse - Número|Número|909574e9-38b3-423e-af4b-8ee66e58ebab|ngb
149bf39b-e924-4e0c-a314-09745998068c|Estilística - Silepse - Pessoa|Pessoa|909574e9-38b3-423e-af4b-8ee66e58ebab|ngb
66c32c78-f813-4efd-b80a-c521fb72f349|Estilística - Sinestesia|Sinestesia|9c530272-5cf6-4db1-89ab-3ad6f0e2fc0a|ngb
749be49d-1067-441e-b958-b87af7544916|Estilística - Sinédoque|Sinédoque|9c530272-5cf6-4db1-89ab-3ad6f0e2fc0a|ngb
b04c6a6b-2646-4874-b88a-f27b88f35f2d|Estilística - Símile|Símile|9c530272-5cf6-4db1-89ab-3ad6f0e2fc0a|ngb
d4751a32-5bb1-4673-9451-0026281af9b3|Fonética|Fonética|null|ngb|cc
ade134a6-4d3d-4dae-b6d3-37909e6f6a76|Fonética - Acento|Acento|d4751a32-5bb1-4673-9451-0026281af9b3|ngb
fd416fb9-72cf-4375-83aa-ac07dbe32b84|Fonética - Acento - Principal|Principal|ade134a6-4d3d-4dae-b6d3-37909e6f6a76|ngb
2e32b333-ffde-4de8-94ee-7637e1a8b5c0|Fonética - Acento - Secundário|Secundário|ade134a6-4d3d-4dae-b6d3-37909e6f6a76|ngb
325f690f-e6c3-4e49-bf00-6c64f3d48231|Fonética - Arrizotônico|Arrizotônico|d4751a32-5bb1-4673-9451-0026281af9b3|ngb
4d212d8d-f210-4063-9b05-5bbe273b76de|Fonética - Consoante|Consoante|d4751a32-5bb1-4673-9451-0026281af9b3|ngb
a001f3fe-905f-41fd-8552-6ad951bd82c7|Fonética - Consoante - Alveolar|Alveolar|4d212d8d-f210-4063-9b05-5bbe273b76de|ngb
de473d1a-2bfa-4cb7-9a9b-8d061de65769|Fonética - Consoante - Bilabial|Bilabial|4d212d8d-f210-4063-9b05-5bbe273b76de|ngb
39217e32-e123-4de5-9a27-2fba0e7e9421|Fonética - Consoante - Fricativa|Fricativa|4d212d8d-f210-4063-9b05-5bbe273b76de|ngb
4316cff4-3061-43be-8dbc-1b1263526179|Fonética - Consoante - Labiodental|Labiodental|4d212d8d-f210-4063-9b05-5bbe273b76de|ngb
18007926-0cf4-4b6c-9e84-b393015ed6ab|Fonética - Consoante - Lateral|Lateral|4d212d8d-f210-4063-9b05-5bbe273b76de|ngb
81702272-3a31-4744-83d0-a4fb2332e672|Fonética - Consoante - Linguodental|Linguodental|4d212d8d-f210-4063-9b05-5bbe273b76de|ngb
e369aebb-cbf2-4152-8ce1-55455654cac0|Fonética - Consoante - Nasal|Nasal|4d212d8d-f210-4063-9b05-5bbe273b76de|ngb
09de49eb-8ffa-49f6-8ede-f5d3fc4bf5fa|Fonética - Consoante - Oclusiva|Oclusiva|4d212d8d-f210-4063-9b05-5bbe273b76de|ngb
eea84078-08a7-410e-914b-4580db491eb0|Fonética - Consoante - Oral|Oral|4d212d8d-f210-4063-9b05-5bbe273b76de|ngb
1e9ef41b-770d-42a9-b04d-f3d7f9562848|Fonética - Consoante - Palatal|Palatal|4d212d8d-f210-4063-9b05-5bbe273b76de|ngb
6d8c0981-8e62-4bf2-adb2-2099423a53f5|Fonética - Consoante - Sonoras|Sonoras|4d212d8d-f210-4063-9b05-5bbe273b76de|ngb
add1e780-636f-415f-b509-295e3cf3699a|Fonética - Consoante - Surdas|Surdas|4d212d8d-f210-4063-9b05-5bbe273b76de|ngb
bc05c79e-86b1-43d9-bafd-4930952fff1a|Fonética - Consoante - Velar|Velar|4d212d8d-f210-4063-9b05-5bbe273b76de|ngb
2e7dc794-0c17-45ea-b222-98ff7c14109b|Fonética - Consoante - Vibrante|Vibrante|4d212d8d-f210-4063-9b05-5bbe273b76de|ngb
304df849-7e61-4e1f-9171-7c66ba8364b0|Fonética - Descritiva|Descritiva|d4751a32-5bb1-4673-9451-0026281af9b3|ngb
4a16d1c0-e5e2-460c-b533-abe8f94ce62d|Fonética - Encontro vocálico|Encontro vocálico|d4751a32-5bb1-4673-9451-0026281af9b3|ngb|cc
eed86476-cfee-4245-a57a-581bb0cc3c68|Fonética - Encontro vocálico - Ditongo|Ditongo|4a16d1c0-e5e2-460c-b533-abe8f94ce62d|ngb|cc
ddb20eef-dfb9-4eb0-acd7-bb6b3f8cccde|Fonética - Encontro vocálico - Ditongo - Crescente|Crescente|eed86476-cfee-4245-a57a-581bb0cc3c68|ngb|cc
b383162e-d0ca-4d7a-9d17-cca11f89b8ed|Fonética - Encontro vocálico - Ditongo - Decrescente|Decrescente|eed86476-cfee-4245-a57a-581bb0cc3c68|ngb|cc
842f2e67-d63d-4b46-bfcb-77950b5e7e97|Fonética - Encontro vocálico - Ditongo - Nasal|Nasal|eed86476-cfee-4245-a57a-581bb0cc3c68|ngb|cc
b402d6f5-606e-4a25-894d-f6eaa9c6a6f9|Fonética - Encontro vocálico - Ditongo - Oral|Oral|eed86476-cfee-4245-a57a-581bb0cc3c68|ngb|cc
a6577e45-db9d-49a1-a1a1-a1383ae32da2|Fonética - Encontro vocálico - Dígrafo|Dígrafo|4a16d1c0-e5e2-460c-b533-abe8f94ce62d|ngb|cc
30a885c2-41aa-49a2-83e8-f4f0d6671e39|Fonética - Encontro vocálico - Hiato|Hiato|4a16d1c0-e5e2-460c-b533-abe8f94ce62d|ngb|cc
a89ea74b-1f16-45e4-a21f-babe5012042e|Fonética - Encontro vocálico - Tritongo|Tritongo|4a16d1c0-e5e2-460c-b533-abe8f94ce62d|ngb|cc
20562d11-1755-4fda-ab4b-19ffd62ba275|Fonética - Encontro vocálico - Tritongo - Nasal|Nasal|a89ea74b-1f16-45e4-a21f-babe5012042e|ngb|cc
9f6416a0-c61a-493b-979a-8c9337e616ff|Fonética - Encontro vocálico - Tritongo - Oral|Oral|a89ea74b-1f16-45e4-a21f-babe5012042e|ngb|cc
9ccdd709-97e0-4b75-a94d-476633cd656d|Fonética - Fonemas|Fonemas|d4751a32-5bb1-4673-9451-0026281af9b3|ngb
fce80d7f-82c3-496d-bed6-3ed6e43744c2|Fonética - Fonemas - Consoante|Consoante|9ccdd709-97e0-4b75-a94d-476633cd656d|ngb
b8040dbf-1610-4c54-8370-86b7cf5bd71b|Fonética - Fonemas - Semivogal|Semivogal|9ccdd709-97e0-4b75-a94d-476633cd656d|ngb
0cfc6f94-182c-4c59-b7d7-c1acb5aa8983|Fonética - Fonemas - Vogal|Vogal|9ccdd709-97e0-4b75-a94d-476633cd656d|ngb
2de0870e-113d-4221-bf1a-e1a5b51ddc22|Fonética - Histórica|Histórica|d4751a32-5bb1-4673-9451-0026281af9b3|ngb|cc
568bec48-c8d6-4b08-9fb7-1dbeb67a2aca|Fonética - Ortoepia|Ortoepia|d4751a32-5bb1-4673-9451-0026281af9b3|ngb
0976d2f0-1ec7-4969-aea3-062c8073204b|Fonética - Prosódia|Prosódia|d4751a32-5bb1-4673-9451-0026281af9b3|ngb
48ded34f-144f-4bee-86b5-363b5660842a|Fonética - Quantidade de sílabas|Quantidade de sílabas|d4751a32-5bb1-4673-9451-0026281af9b3|ngb|cc
464f958f-4fca-45aa-abe3-4a768ba40a81|Fonética - Quantidade de sílabas - Dissílaba|Dissílaba|48ded34f-144f-4bee-86b5-363b5660842a|ngb|cc
aecccc91-5b15-4b8d-bd22-a066bf6cc303|Fonética - Quantidade de sílabas - Monossílaba|Monossílaba|48ded34f-144f-4bee-86b5-363b5660842a|ngb|cc
e3691e79-42c4-4a14-b0ba-a4e767a7e1f0|Fonética - Quantidade de sílabas - Monossílaba - Tônico|Tônico|aecccc91-5b15-4b8d-bd22-a066bf6cc303|ngb|cc
abb02d20-f2d9-4246-bb70-3f8a203bc661|Fonética - Quantidade de sílabas - Monossílaba - Átono|Átono|aecccc91-5b15-4b8d-bd22-a066bf6cc303|ngb|cc
26478e85-1188-494b-940b-e4a8f5627568|Fonética - Quantidade de sílabas - Polissílaba|Polissílaba|48ded34f-144f-4bee-86b5-363b5660842a|ngb|cc
21e963a5-14a4-442c-aabc-74897d39ad20|Fonética - Quantidade de sílabas - Trissílaba|Trissílaba|48ded34f-144f-4bee-86b5-363b5660842a|ngb|cc
e4acf998-1e3d-468d-be5a-594aba15469d|Fonética - Regência|Regência|d4751a32-5bb1-4673-9451-0026281af9b3|ngb
8110c2ee-aa59-4981-a9d2-37c0be22e849|Fonética - Regência - Nominal|Nominal|e4acf998-1e3d-468d-be5a-594aba15469d|ngb
5cce8c20-cf23-44be-b3c9-802cb08b2d86|Fonética - Regência - Verbal|Verbal|e4acf998-1e3d-468d-be5a-594aba15469d|ngb
a2a90949-32c6-46b3-96e4-0ddf9045a31c|Fonética - Rizotônico|Rizotônico|d4751a32-5bb1-4673-9451-0026281af9b3|ngb
f9109a4a-2260-4d30-9400-80260297443e|Fonética - Sintática|Sintática|d4751a32-5bb1-4673-9451-0026281af9b3|ngb
51e5d7b7-47a9-4c32-a86d-8a9d2bd067e6|Fonética - Sílaba tônica|Sílaba tônica|d4751a32-5bb1-4673-9451-0026281af9b3|ngb|cc
05a5c7d4-125e-4fe9-9d5c-e0d17b25ab15|Fonética - Sílaba tônica - Oxítona|Oxítona|51e5d7b7-47a9-4c32-a86d-8a9d2bd067e6|ngb|cc
1fc8f584-fa09-48db-b3d1-9a3474e9bd6a|Fonética - Sílaba tônica - Paroxítona|Paroxítona|51e5d7b7-47a9-4c32-a86d-8a9d2bd067e6|ngb|cc
f5418421-bfab-4c8d-ae45-7b3cd6f69130|Fonética - Sílaba tônica - Proparoxítona|Proparoxítona|51e5d7b7-47a9-4c32-a86d-8a9d2bd067e6|ngb|cc
444b0b62-ebfd-41b7-b189-bf26459e9f6f|Fonética - Vogal|Vogal|d4751a32-5bb1-4673-9451-0026281af9b3|ngb
48353697-4731-44dd-b9d0-dbb53ef8c34d|Fonética - Vogal - Abertas|Abertas|444b0b62-ebfd-41b7-b189-bf26459e9f6f|ngb
1b596c3d-92a8-4785-a399-9f7dc400dd43|Fonética - Vogal - Anteriores|Anteriores|444b0b62-ebfd-41b7-b189-bf26459e9f6f|ngb
1be86d87-c40f-4d6f-bd27-2f9aee04d353|Fonética - Vogal - Fechadas|Fechadas|444b0b62-ebfd-41b7-b189-bf26459e9f6f|ngb
2f6407fe-f5e3-4bb3-83b1-aeed7f643b5a|Fonética - Vogal - Médias|Médias|444b0b62-ebfd-41b7-b189-bf26459e9f6f|ngb
2556c268-28d1-47f7-9814-c27782903f71|Fonética - Vogal - Nasal|Nasal|444b0b62-ebfd-41b7-b189-bf26459e9f6f|ngb
063aa127-c34e-4ffa-a44c-f7a2b9685697|Fonética - Vogal - Oral|Oral|444b0b62-ebfd-41b7-b189-bf26459e9f6f|ngb
2ecbf4b2-b842-4083-8946-c12183eddddc|Fonética - Vogal - Posteriores|Posteriores|444b0b62-ebfd-41b7-b189-bf26459e9f6f|ngb
3c6031c2-b018-4e95-8d62-922c6e882479|Fonética - Vogal - Reduzidas|Reduzidas|444b0b62-ebfd-41b7-b189-bf26459e9f6f|ngb
d030977c-21e6-43e3-ae53-35b88eead4eb|Fonética - Vogal - Tônicas|Tônicas|444b0b62-ebfd-41b7-b189-bf26459e9f6f|ngb
3f0b69b4-fcca-440f-a5da-5e449f3c8cf5|Fonética - Vogal - Átonas|Átonas|444b0b62-ebfd-41b7-b189-bf26459e9f6f|ngb
720c16e8-f119-44b8-82dd-80ade6e2feae|Morfologia|Morfologia|null|ngb|cc
96d6c0a1-2513-4b1d-9d79-b5ac616b7926|Morfologia - Adjetivo|Adjetivo|720c16e8-f119-44b8-82dd-80ade6e2feae|ngb|cc
2e32e2d1-b0af-4078-98da-67611a7e49be|Morfologia - Adjetivo - Aumentativo|Aumentativo|96d6c0a1-2513-4b1d-9d79-b5ac616b7926|ngb
cfea4000-932e-45f9-beaa-59508142d847|Morfologia - Adjetivo - Biforme|Biforme|96d6c0a1-2513-4b1d-9d79-b5ac616b7926|ngb|cc
5f0def22-9aff-4327-8372-8a1fd720a588|Morfologia - Adjetivo - Composto|Composto|96d6c0a1-2513-4b1d-9d79-b5ac616b7926|ngb|cc
c6661ccf-4d9f-4643-84f6-0a7db55d5bee|Morfologia - Adjetivo - Derivado|Derivado|96d6c0a1-2513-4b1d-9d79-b5ac616b7926|ngb|cc
8b538289-a7f8-407f-8b95-d9cf1e0e4049|Morfologia - Adjetivo - Diminutivo|Diminutivo|96d6c0a1-2513-4b1d-9d79-b5ac616b7926|ngb
74f275ed-efc7-406f-b182-595934ee13b7|Morfologia - Adjetivo - Grau|Grau|96d6c0a1-2513-4b1d-9d79-b5ac616b7926|
8ba58fd0-4cea-4041-be97-9ced5835b967|Morfologia - Adjetivo - Grau - Comparativo|Comparativo|74f275ed-efc7-406f-b182-595934ee13b7|ngb|cc
f071e926-2935-42cb-bed8-7fc82d673d07|Morfologia - Adjetivo - Grau - Comparativo - Igualdade|Igualdade|8ba58fd0-4cea-4041-be97-9ced5835b967|ngb|cc
3ee9029f-f3df-416e-9004-889a3a27c10e|Morfologia - Adjetivo - Grau - Comparativo - Inferioridade|Inferioridade|8ba58fd0-4cea-4041-be97-9ced5835b967|ngb|cc
f70cdddc-261c-4425-ac1e-765b7dd5ef94|Morfologia - Adjetivo - Grau - Comparativo - Superioridade|Superioridade|8ba58fd0-4cea-4041-be97-9ced5835b967|ngb|cc
51def2ce-009b-4b9e-b58e-3a0c41c37bf2|Morfologia - Adjetivo - Grau - Comparativo - Superioridade - Analítico|Analítico|f70cdddc-261c-4425-ac1e-765b7dd5ef94|ngb
0174600c-225a-4a92-bece-fd25f584b092|Morfologia - Adjetivo - Grau - Comparativo - Superioridade - Sintético|Sintético|f70cdddc-261c-4425-ac1e-765b7dd5ef94|ngb
2e683bb2-6e1d-46d6-bf29-1ddea6ac6ed8|Morfologia - Adjetivo - Grau - Superlativo|Superlativo|74f275ed-efc7-406f-b182-595934ee13b7|ngb|cc
f47d32aa-3f1d-4fed-b98f-dcdeb45e35b6|Morfologia - Adjetivo - Grau - Superlativo - Absoluto|Absoluto|2e683bb2-6e1d-46d6-bf29-1ddea6ac6ed8|ngb|cc
6864e6aa-a98b-402b-8da9-ded85ddb29e7|Morfologia - Adjetivo - Grau - Superlativo - Absoluto - Analítico|Analítico|f47d32aa-3f1d-4fed-b98f-dcdeb45e35b6|ngb|cc
308ca4ef-a8e6-42f1-b481-2b2f2d06acbb|Morfologia - Adjetivo - Grau - Superlativo - Absoluto - Sintético|Sintético|f47d32aa-3f1d-4fed-b98f-dcdeb45e35b6|ngb|cc
51e9c37c-5466-4bec-ba11-0cb6a52638a2|Morfologia - Adjetivo - Grau - Superlativo - Relativo|Relativo|2e683bb2-6e1d-46d6-bf29-1ddea6ac6ed8|ngb|cc
1839fd3d-cfd6-4107-a915-fd7fc6db49ce|Morfologia - Adjetivo - Grau - Superlativo - Relativo - Inferioridade|Inferioridade|51e9c37c-5466-4bec-ba11-0cb6a52638a2|ngb|cc
6070bcb5-38c6-4b5f-b715-cabb9e8cd9dc|Morfologia - Adjetivo - Grau - Superlativo - Relativo - Superioridade|Superioridade|51e9c37c-5466-4bec-ba11-0cb6a52638a2|ngb|cc
fc4b3e5a-2c3c-44a9-b0e9-93eb563c4e39|Morfologia - Adjetivo - Gênero|Gênero|96d6c0a1-2513-4b1d-9d79-b5ac616b7926|
8dc7f235-27f8-4d4e-8284-47b9d0396bf2|Morfologia - Adjetivo - Gênero - Feminino|Feminino|fc4b3e5a-2c3c-44a9-b0e9-93eb563c4e39|ngb
7153b94f-cf25-4b1a-a9b9-ca3b89c50d6d|Morfologia - Adjetivo - Gênero - Masculino|Masculino|fc4b3e5a-2c3c-44a9-b0e9-93eb563c4e39|ngb
3b7f3e3a-3395-4c7b-bf4e-f3fd6c1e2506|Morfologia - Adjetivo - Locução adjetiva|Locução adjetiva|96d6c0a1-2513-4b1d-9d79-b5ac616b7926|ngb|cc
cd99441c-6a5f-4c58-a784-29ca5eb5e339|Morfologia - Adjetivo - Número|Número|96d6c0a1-2513-4b1d-9d79-b5ac616b7926|
fa017602-c8fe-469f-aeb9-b11f528042fd|Morfologia - Adjetivo - Número - Plural|Plural|cd99441c-6a5f-4c58-a784-29ca5eb5e339|ngb
bca13ed7-15e6-4057-b814-c5237fb0425a|Morfologia - Adjetivo - Número - Singular|Singular|cd99441c-6a5f-4c58-a784-29ca5eb5e339|ngb
1ba88519-5cb1-4d87-bdf5-024e7af152ae|Morfologia - Adjetivo - Primitivo|Primitivo|96d6c0a1-2513-4b1d-9d79-b5ac616b7926|ngb|cc
99eadb16-98db-4721-a9e8-7f2ff65230e6|Morfologia - Adjetivo - Pátrio|Pátrio|96d6c0a1-2513-4b1d-9d79-b5ac616b7926|ngb|cc
46b4331f-c71e-498a-895a-37fc6cdd21a4|Morfologia - Adjetivo - Simples|Simples|96d6c0a1-2513-4b1d-9d79-b5ac616b7926|ngb|cc
a9717c3a-bfe4-41f7-9b47-cc3349e853c7|Morfologia - Adjetivo - Uniforme|Uniforme|96d6c0a1-2513-4b1d-9d79-b5ac616b7926|ngb|cc
36ea9dbd-1b3d-482a-bb57-f8d1a291efbd|Morfologia - Advérbio|Advérbio|720c16e8-f119-44b8-82dd-80ade6e2feae|ngb|cc
b3087912-fe0e-45eb-8a93-a02a29bb4dec|Morfologia - Advérbio - Afirmação|Afirmação|36ea9dbd-1b3d-482a-bb57-f8d1a291efbd|ngb|cc
8d1a2b9b-84a5-4e14-b15a-db5f47f9e3e7|Morfologia - Advérbio - Causa|Causa|36ea9dbd-1b3d-482a-bb57-f8d1a291efbd|ngb
d7aa02c7-0663-4bb1-a7bf-99cc4e2d76a2|Morfologia - Advérbio - Dúvida|Dúvida|36ea9dbd-1b3d-482a-bb57-f8d1a291efbd|ngb|cc
8d9245cd-42d2-4c98-8f34-ff59b18883a9|Morfologia - Advérbio - Grau|Grau|36ea9dbd-1b3d-482a-bb57-f8d1a291efbd|
5a270c64-2deb-4302-be25-e047df35e611|Morfologia - Advérbio - Grau - Comparativo|Comparativo|8d9245cd-42d2-4c98-8f34-ff59b18883a9|ngb
657a0759-5b84-4d32-92e4-603d2df57af2|Morfologia - Advérbio - Grau - Comparativo - Igualdade|Igualdade|5a270c64-2deb-4302-be25-e047df35e611|ngb|cc
a568567f-0833-4911-ace0-e422ab963834|Morfologia - Advérbio - Grau - Comparativo - Inferioridade|Inferioridade|5a270c64-2deb-4302-be25-e047df35e611|ngb|cc
342a7609-dfda-4932-86f9-98a16348d3a6|Morfologia - Advérbio - Grau - Comparativo - Superioridade|Superioridade|5a270c64-2deb-4302-be25-e047df35e611|ngb|cc
d1c3c084-6f43-442d-a23f-881bc5407227|Morfologia - Advérbio - Intensidade|Intensidade|36ea9dbd-1b3d-482a-bb57-f8d1a291efbd|ngb|cc
52f81612-e7c1-410a-8e88-31f5d6a6bf21|Morfologia - Advérbio - Locução adverbial|Locução adverbial|36ea9dbd-1b3d-482a-bb57-f8d1a291efbd|ngb|cc
253dd2ae-d716-4b2d-9430-ef1d0efe0789|Morfologia - Advérbio - Lugar|Lugar|36ea9dbd-1b3d-482a-bb57-f8d1a291efbd|ngb|cc
2dc9a5a1-ab95-4441-a377-7d2bdceb98e7|Morfologia - Advérbio - Modo|Modo|36ea9dbd-1b3d-482a-bb57-f8d1a291efbd|ngb|cc
61e6e60e-de90-4a9c-9a6a-0e513099284c|Morfologia - Advérbio - Negação|Negação|36ea9dbd-1b3d-482a-bb57-f8d1a291efbd|ngb|cc
03c49b8d-2b32-421d-90bc-73d8e7063b93|Morfologia - Advérbio - Superlativo|Superlativo|36ea9dbd-1b3d-482a-bb57-f8d1a291efbd|
f16d7420-5277-4d33-bf60-3c349941f671|Morfologia - Advérbio - Superlativo - absoluto|absoluto|03c49b8d-2b32-421d-90bc-73d8e7063b93|ngb|cc
316e2b4c-9ff9-465c-b139-ba80d466cdb0|Morfologia - Advérbio - Superlativo - absoluto - Analítico|Analítico|f16d7420-5277-4d33-bf60-3c349941f671|ngb|cc
04ca2142-ee84-4c15-98e2-f5b15073b4bf|Morfologia - Advérbio - Superlativo - absoluto - Sintético|Sintético|f16d7420-5277-4d33-bf60-3c349941f671|ngb|cc
438f8b37-2804-44a8-99ae-308bfc286c98|Morfologia - Advérbio - Tempo|Tempo|36ea9dbd-1b3d-482a-bb57-f8d1a291efbd|ngb|cc
eb613d91-f3c0-478c-9bed-14e0fd6c92b1|Morfologia - Artigo|Artigo|720c16e8-f119-44b8-82dd-80ade6e2feae|ngb|cc
5c3b8c1f-9903-44e8-8450-00dd2b917aed|Morfologia - Artigo - Definido|Definido|eb613d91-f3c0-478c-9bed-14e0fd6c92b1|ngb|cc
34f91695-3fe4-4637-9cb3-12dee4f3d0c6|Morfologia - Artigo - Feminino|Feminino|eb613d91-f3c0-478c-9bed-14e0fd6c92b1|ngb
b057639c-3080-47a8-a737-72c583bab87a|Morfologia - Artigo - Indefinido|Indefinido|eb613d91-f3c0-478c-9bed-14e0fd6c92b1|ngb|cc
268545eb-fca4-46d5-8eb1-b2087ce25183|Morfologia - Artigo - Masculino|Masculino|eb613d91-f3c0-478c-9bed-14e0fd6c92b1|ngb
41f82ae4-4fee-430a-8fcb-41b4aed8d531|Morfologia - Artigo - Plural|Plural|eb613d91-f3c0-478c-9bed-14e0fd6c92b1|ngb
48a14264-031d-4ca3-ab1a-b81c49669fed|Morfologia - Artigo - Singular|Singular|eb613d91-f3c0-478c-9bed-14e0fd6c92b1|ngb
03e7be38-84a7-4a4f-a688-9ca8a0cfa4f9|Morfologia - Conjunção|Conjunção|720c16e8-f119-44b8-82dd-80ade6e2feae|ngb|cc
b9af1879-ce69-470d-87cc-4f605da9ffcc|Morfologia - Conjunção - Coordenativa|Coordenativa|03e7be38-84a7-4a4f-a688-9ca8a0cfa4f9|ngb|cc
43bfe137-039f-4baa-ab41-6cf1b3b4f547|Morfologia - Conjunção - Coordenativa - Aditivas|Aditivas|b9af1879-ce69-470d-87cc-4f605da9ffcc|ngb|cc
32fd75fd-da6f-4038-bd87-41781548c138|Morfologia - Conjunção - Coordenativa - Adversativas|Adversativas|b9af1879-ce69-470d-87cc-4f605da9ffcc|ngb|cc
b1365373-e8cd-4eb9-8a00-1186d9f86b6f|Morfologia - Conjunção - Coordenativa - Alternativas|Alternativas|b9af1879-ce69-470d-87cc-4f605da9ffcc|ngb|cc
df6bdbe0-7a48-4cfe-a3f3-e67662848782|Morfologia - Conjunção - Coordenativa - Conclusivas|Conclusivas|b9af1879-ce69-470d-87cc-4f605da9ffcc|ngb|cc
c361cd9d-a631-469e-8b43-c9e49de81b69|Morfologia - Conjunção - Coordenativa - Explicativas|Explicativas|b9af1879-ce69-470d-87cc-4f605da9ffcc|ngb|cc
b2f7c20a-aa34-46a1-b4e4-e00b420dfe2e|Morfologia - Conjunção - Locução conjuntiva|Locução conjuntiva|03e7be38-84a7-4a4f-a688-9ca8a0cfa4f9|ngb
c8593e6a-f7be-4fb2-9db4-634df335e716|Morfologia - Conjunção - Subordinativa|Subordinativa|03e7be38-84a7-4a4f-a688-9ca8a0cfa4f9|ngb|cc
491e4bc9-8d1f-4ff6-a5e7-08188527e583|Morfologia - Conjunção - Subordinativa - Causal|Causal|c8593e6a-f7be-4fb2-9db4-634df335e716|ngb|cc
95e4cb44-7507-43a5-a549-1713efbdd03b|Morfologia - Conjunção - Subordinativa - Comparativa|Comparativa|c8593e6a-f7be-4fb2-9db4-634df335e716|ngb|cc
b239d4cc-0cf7-431a-918f-f1975a572c8a|Morfologia - Conjunção - Subordinativa - Concessiva|Concessiva|c8593e6a-f7be-4fb2-9db4-634df335e716|ngb|cc
d29045fe-0edd-433a-b546-69200977c965|Morfologia - Conjunção - Subordinativa - Condicional|Condicional|c8593e6a-f7be-4fb2-9db4-634df335e716|ngb|cc
9a9bf837-a56f-4762-b1a8-243319c46a6a|Morfologia - Conjunção - Subordinativa - Conformativa|Conformativa|c8593e6a-f7be-4fb2-9db4-634df335e716|ngb|cc
7cbb9a84-3e15-4543-8e27-995e21962426|Morfologia - Conjunção - Subordinativa - Consecutiva|Consecutiva|c8593e6a-f7be-4fb2-9db4-634df335e716|ngb|cc
49a0edd4-e625-460e-b303-e7931052c229|Morfologia - Conjunção - Subordinativa - Final|Final|c8593e6a-f7be-4fb2-9db4-634df335e716|ngb|cc
e5554532-cfe4-4c69-a001-8b9ea8e6aede|Morfologia - Conjunção - Subordinativa - Integrante|Integrante|c8593e6a-f7be-4fb2-9db4-634df335e716|ngb|cc
696662e4-94c0-4f0c-952a-4f4429bbb30b|Morfologia - Conjunção - Subordinativa - Proporcional|Proporcional|c8593e6a-f7be-4fb2-9db4-634df335e716|ngb|cc
79eb0633-f647-4b09-a107-93fa67e48904|Morfologia - Conjunção - Subordinativa - Temporal|Temporal|c8593e6a-f7be-4fb2-9db4-634df335e716|ngb|cc
1296e277-d888-4cb9-8dfd-c6c4084bb6b9|Morfologia - Interjeição|Interjeição|720c16e8-f119-44b8-82dd-80ade6e2feae|ngb|cc
02743871-e02a-4bfc-9bcc-f028ee79466c|Morfologia - Interjeição - Advertência|Advertência|1296e277-d888-4cb9-8dfd-c6c4084bb6b9|ngb|cc
8ac5a058-92e1-40b0-a6ee-f416821e2ccb|Morfologia - Interjeição - Afastamento|Afastamento|1296e277-d888-4cb9-8dfd-c6c4084bb6b9|ngb|cc
eb9a61d1-25c4-42a7-8179-8223046fffe9|Morfologia - Interjeição - Agradecimento|Agradecimento|1296e277-d888-4cb9-8dfd-c6c4084bb6b9|ngb|cc
81c7efa7-b169-4040-81ce-d195c74408a7|Morfologia - Interjeição - Alegria|Alegria|1296e277-d888-4cb9-8dfd-c6c4084bb6b9|ngb|cc
1d7d2212-6902-415b-8658-54754e31aff5|Morfologia - Interjeição - Alívio|Alívio|1296e277-d888-4cb9-8dfd-c6c4084bb6b9|ngb|cc
d14900d8-2c2c-4b54-8b44-3534c4096468|Morfologia - Interjeição - Aprovação|Aprovação|1296e277-d888-4cb9-8dfd-c6c4084bb6b9|ngb|cc
332c394b-6c46-40b4-bf5a-17903e7b07d5|Morfologia - Interjeição - Concordância|Concordância|1296e277-d888-4cb9-8dfd-c6c4084bb6b9|ngb|cc
58d8e90c-17ca-4443-bcfc-279d3e280c0b|Morfologia - Interjeição - Cumprimento|Cumprimento|1296e277-d888-4cb9-8dfd-c6c4084bb6b9|ngb|cc
14080db5-5b43-4f2c-b3dd-c3fe843e0f07|Morfologia - Interjeição - Desaprovação|Desaprovação|1296e277-d888-4cb9-8dfd-c6c4084bb6b9|ngb|cc
3d445ac2-5a01-4822-89f6-d81aa649f70a|Morfologia - Interjeição - Desculpa|Desculpa|1296e277-d888-4cb9-8dfd-c6c4084bb6b9|ngb|cc
223ef65e-42d1-4547-94bc-632d9097bef0|Morfologia - Interjeição - Desejo|Desejo|1296e277-d888-4cb9-8dfd-c6c4084bb6b9|ngb|cc
eac36bdf-ee6b-4e50-bc38-f4624562cc80|Morfologia - Interjeição - Dor|Dor|1296e277-d888-4cb9-8dfd-c6c4084bb6b9|ngb|cc
89d3be9a-e717-46cd-bebf-7610a1b2a915|Morfologia - Interjeição - Estímulo|Estímulo|1296e277-d888-4cb9-8dfd-c6c4084bb6b9|ngb|cc
9a54b002-4f3f-4d00-9210-8d69c43ce71a|Morfologia - Interjeição - Impaciência|Impaciência|1296e277-d888-4cb9-8dfd-c6c4084bb6b9|ngb|cc
d9a44742-9743-4133-8cee-4025bd614c9a|Morfologia - Interjeição - Incredulidade|Incredulidade|1296e277-d888-4cb9-8dfd-c6c4084bb6b9|ngb|cc
3a78004a-71a7-4e5a-8302-0a32bd6eb933|Morfologia - Interjeição - Locução interjectiva|Locução interjectiva|1296e277-d888-4cb9-8dfd-c6c4084bb6b9|ngb|cc
1934e339-bab3-402c-95ee-840017170eb6|Morfologia - Interjeição - Medo|Medo|1296e277-d888-4cb9-8dfd-c6c4084bb6b9|ngb|cc
fa15f366-2378-47d6-bda1-0f2115307b5c|Morfologia - Interjeição - Silêncio|Silêncio|1296e277-d888-4cb9-8dfd-c6c4084bb6b9|ngb|cc
137dd8ee-d1d6-4f39-b3dd-0f68124f60e4|Morfologia - Interjeição - Socorro|Socorro|1296e277-d888-4cb9-8dfd-c6c4084bb6b9|ngb|cc
e4fdfccc-b2ee-4768-ad0e-75cde7d4a31e|Morfologia - Interjeição - Surpresa|Surpresa|1296e277-d888-4cb9-8dfd-c6c4084bb6b9|ngb|cc
47eb4fb0-bc3f-4dff-8e3a-9e3a9a13a538|Morfologia - Numeral|Numeral|720c16e8-f119-44b8-82dd-80ade6e2feae|ngb|cc
4dd4d0ef-8d46-439f-91ff-46f192ea5fc9|Morfologia - Numeral - Cardinal|Cardinal|47eb4fb0-bc3f-4dff-8e3a-9e3a9a13a538|ngb|cc
dce3127a-ab6a-48a7-92f1-a7b2cd31f58e|Morfologia - Numeral - Coletivo|Coletivo|47eb4fb0-bc3f-4dff-8e3a-9e3a9a13a538|ngb|cc
a27c2904-ec12-4f1c-8c20-b60bc3322c58|Morfologia - Numeral - Fracionário|Fracionário|47eb4fb0-bc3f-4dff-8e3a-9e3a9a13a538|ngb|cc
627ba9c0-8abf-4cd7-bf7e-a2059f1d760c|Morfologia - Numeral - Multiplicativo|Multiplicativo|47eb4fb0-bc3f-4dff-8e3a-9e3a9a13a538|ngb|cc
21349f72-0526-4289-adc1-240d667fe22f|Morfologia - Numeral - Ordinal|Ordinal|47eb4fb0-bc3f-4dff-8e3a-9e3a9a13a538|ngb|cc
a8af2306-1bf8-41cf-b648-d710400ec679|Morfologia - Pronome|Pronome|720c16e8-f119-44b8-82dd-80ade6e2feae|ngb|cc
abab2eb2-9d1a-4ee1-a62d-d136ab0b1e00|Morfologia - Pronome - Colocação pronominal|Colocação pronominal|a8af2306-1bf8-41cf-b648-d710400ec679|
396df340-d22f-42ea-ab61-d06c1227d460|Morfologia - Pronome - Colocação pronominal - Mesóclise|Mesóclise|abab2eb2-9d1a-4ee1-a62d-d136ab0b1e00|
eed7efea-0146-4460-b415-4abfb0535856|Morfologia - Pronome - Colocação pronominal - Próclise|Próclise|abab2eb2-9d1a-4ee1-a62d-d136ab0b1e00|
57dcfee9-90ec-4e24-bb0c-08d001c98e2f|Morfologia - Pronome - Colocação pronominal - Ênclise|Ênclise|abab2eb2-9d1a-4ee1-a62d-d136ab0b1e00|
7dd8b25f-4bc3-4875-96e8-f51d01812924|Morfologia - Pronome - Demonstrativo|Demonstrativo|a8af2306-1bf8-41cf-b648-d710400ec679|ngb|cc
9990e747-f3aa-4b71-818a-a2557415ab6c|Morfologia - Pronome - Gênero|Gênero|a8af2306-1bf8-41cf-b648-d710400ec679|
62f92042-7b53-4ab2-a6dc-5efed801a2d6|Morfologia - Pronome - Gênero - Feminino|Feminino|9990e747-f3aa-4b71-818a-a2557415ab6c|ngb
e15f776e-fefa-4813-9078-ae98293d8947|Morfologia - Pronome - Gênero - Masculino|Masculino|9990e747-f3aa-4b71-818a-a2557415ab6c|ngb
632db470-1579-4cbb-9ba7-d7cdcf32f536|Morfologia - Pronome - Indefinido|Indefinido|a8af2306-1bf8-41cf-b648-d710400ec679|ngb|cc
67873202-5230-4ee8-bd7c-381f118bbb70|Morfologia - Pronome - Interrogativo|Interrogativo|a8af2306-1bf8-41cf-b648-d710400ec679|ngb|cc
befe6e0d-a7df-4572-9d01-abe0d2e9c5c2|Morfologia - Pronome - Locução pronominal|Locução pronominal|a8af2306-1bf8-41cf-b648-d710400ec679|ngb
08882f68-c334-44e7-8654-039377a61570|Morfologia - Pronome - Número|Número|a8af2306-1bf8-41cf-b648-d710400ec679|ngb|cc
381b47d7-d999-447e-b838-f2c22f64e0a8|Morfologia - Pronome - Número - Plural|Plural|08882f68-c334-44e7-8654-039377a61570|ngb|cc
daedd463-73aa-408e-bcfa-1fb248cd650f|Morfologia - Pronome - Número - Singular|Singular|08882f68-c334-44e7-8654-039377a61570|ngb|cc
c0e74d54-ec19-44ce-b251-1ed4095f6942|Morfologia - Pronome - Pessoa|Pessoa|a8af2306-1bf8-41cf-b648-d710400ec679|ngb|cc
1bd1c980-9e92-4c69-a8a1-15eaf2db73b9|Morfologia - Pronome - Pessoa - 1ª Pessoa|1ª Pessoa|c0e74d54-ec19-44ce-b251-1ed4095f6942|ngb|cc
826c591b-b5eb-4eb3-8b50-45480d926d52|Morfologia - Pronome - Pessoa - 2ª Pessoa|2ª Pessoa|c0e74d54-ec19-44ce-b251-1ed4095f6942|ngb|cc
56c451ea-a6cf-426b-8224-a704e363d842|Morfologia - Pronome - Pessoa - 3ª Pessoa|3ª Pessoa|c0e74d54-ec19-44ce-b251-1ed4095f6942|ngb|cc
1209cbc3-9fb5-4128-93fa-cae490b2250c|Morfologia - Pronome - Pessoal|Pessoal|a8af2306-1bf8-41cf-b648-d710400ec679|ngb
d54879f5-ebc2-49a4-b350-400f75c264cd|Morfologia - Pronome - Pessoal - Oblíquo|Oblíquo|1209cbc3-9fb5-4128-93fa-cae490b2250c|ngb
8113f154-80c4-432d-b782-91878f48ea37|Morfologia - Pronome - Pessoal - Oblíquo - Não reflexivo|Não reflexivo|d54879f5-ebc2-49a4-b350-400f75c264cd|ngb
d6bd6f5a-ed6b-4a62-a750-413586116d99|Morfologia - Pronome - Pessoal - Oblíquo - Reflexivo|Reflexivo|d54879f5-ebc2-49a4-b350-400f75c264cd|ngb
dae157e7-a193-42ca-82f7-0c68a94d2747|Morfologia - Pronome - Pessoal - Reto|Reto|1209cbc3-9fb5-4128-93fa-cae490b2250c|ngb
4a80c3f6-a64b-4cca-a488-53d5eede893f|Morfologia - Pronome - Possessivo|Possessivo|a8af2306-1bf8-41cf-b648-d710400ec679|ngb
95e9de25-77a7-493c-a34a-49b5904a39ac|Morfologia - Pronome - Relativo|Relativo|a8af2306-1bf8-41cf-b648-d710400ec679|ngb|cc
dc5185ae-9239-4cc7-a79f-9b28933f97f5|Morfologia - Pronome - Tratamento|Tratamento|a8af2306-1bf8-41cf-b648-d710400ec679|ngb|cc
38f29fbd-5654-4ec7-b4fd-9b3260587f9d|Morfologia - Substantivo|Substantivo|720c16e8-f119-44b8-82dd-80ade6e2feae|ngb|cc
4b947359-3a0c-494f-87c5-9c5008458f04|Morfologia - Substantivo - Abstrato|Abstrato|38f29fbd-5654-4ec7-b4fd-9b3260587f9d|ngb|cc
4d657ec9-aea6-49d9-92b4-17292c5c6344|Morfologia - Substantivo - Coletivo|Coletivo|38f29fbd-5654-4ec7-b4fd-9b3260587f9d|ngb|cc
8382a446-618f-42ba-812e-e07f3373b66b|Morfologia - Substantivo - Composto|Composto|38f29fbd-5654-4ec7-b4fd-9b3260587f9d|ngb|cc
5f5722c9-8177-49c4-a3f8-66777b96b8e6|Morfologia - Substantivo - Comum|Comum|38f29fbd-5654-4ec7-b4fd-9b3260587f9d|ngb|cc
ee34aa79-0f15-4440-b2fd-a8397fd935fe|Morfologia - Substantivo - Concreto|Concreto|38f29fbd-5654-4ec7-b4fd-9b3260587f9d|ngb|cc
96de8b21-7b8a-4ff0-a1b4-ae84aa97a229|Morfologia - Substantivo - Derivado|Derivado|38f29fbd-5654-4ec7-b4fd-9b3260587f9d|ngb|cc
f2c42b82-4e11-46e6-b659-15ae09cbd8a8|Morfologia - Substantivo - Grau|Grau|38f29fbd-5654-4ec7-b4fd-9b3260587f9d|
ad97b8bb-8da1-4853-9e7a-3c9b6c4ce0f5|Morfologia - Substantivo - Grau - Aumentativo|Aumentativo|f2c42b82-4e11-46e6-b659-15ae09cbd8a8|ngb
a1363b2e-11d6-463d-869e-4da4f394c060|Morfologia - Substantivo - Grau - Diminutivo|Diminutivo|f2c42b82-4e11-46e6-b659-15ae09cbd8a8|ngb
7705c33d-3719-4696-a597-389c9e616d70|Morfologia - Substantivo - Gênero|Gênero|38f29fbd-5654-4ec7-b4fd-9b3260587f9d|
38d4c4eb-0d5d-4e15-a6f2-3d71d323b096|Morfologia - Substantivo - Gênero - Biforme|Biforme|7705c33d-3719-4696-a597-389c9e616d70|ngb
8b8d5731-8919-4312-8ca5-ef94bb4aa548|Morfologia - Substantivo - Gênero - Comum de dois|Comum de dois|7705c33d-3719-4696-a597-389c9e616d70|ngb
52659fa2-b9e1-402b-a04a-08d8b397cc8b|Morfologia - Substantivo - Gênero - Epiceno|Epiceno|7705c33d-3719-4696-a597-389c9e616d70|ngb
010a3a2e-c8b4-4247-8a6f-73655ab01f35|Morfologia - Substantivo - Gênero - Feminino|Feminino|7705c33d-3719-4696-a597-389c9e616d70|ngb
6c191d07-77da-4838-aaf0-c627c5413925|Morfologia - Substantivo - Gênero - Incerto|Incerto|7705c33d-3719-4696-a597-389c9e616d70|ngb
0fa653c8-cd41-4da0-8a8d-6038dd2e00c6|Morfologia - Substantivo - Gênero - Masculino|Masculino|7705c33d-3719-4696-a597-389c9e616d70|ngb
2c037be0-abc2-478b-80c0-be417fc8788a|Morfologia - Substantivo - Gênero - Sobrecomum|Sobrecomum|7705c33d-3719-4696-a597-389c9e616d70|ngb
ef74c206-cb49-4180-9e7a-cae3d7b4a2c6|Morfologia - Substantivo - Número|Número|38f29fbd-5654-4ec7-b4fd-9b3260587f9d|
ee99eb99-bc81-4669-9f70-26b9d9d368d8|Morfologia - Substantivo - Número - Plural|Plural|ef74c206-cb49-4180-9e7a-cae3d7b4a2c6|ngb
02cb4277-76a5-4545-8f28-7f62536c4646|Morfologia - Substantivo - Número - Singular|Singular|ef74c206-cb49-4180-9e7a-cae3d7b4a2c6|ngb
b18c036f-60ec-4606-9927-344d962c5775|Morfologia - Substantivo - Primitivo|Primitivo|38f29fbd-5654-4ec7-b4fd-9b3260587f9d|ngb|cc
b6b1c093-d201-4a90-94e2-aa282ebeda06|Morfologia - Substantivo - Próprio|Próprio|38f29fbd-5654-4ec7-b4fd-9b3260587f9d|ngb|cc
917eedd5-6113-4557-9b7c-5e7d80b4d569|Morfologia - Substantivo - Simples|Simples|38f29fbd-5654-4ec7-b4fd-9b3260587f9d|ngb|cc
08096fbe-4e8a-47a1-bb0d-f37d8f51e2a5|Morfologia - Verbo|Verbo|720c16e8-f119-44b8-82dd-80ade6e2feae|ngb|cc
3dc7e4ea-0f2f-4b02-9be3-3872f1820cac|Morfologia - Verbo - Abundante|Abundante|08096fbe-4e8a-47a1-bb0d-f37d8f51e2a5|ngb
87150170-b7ab-4473-aa7d-7cc583770efa|Morfologia - Verbo - Anômalo|Anômalo|08096fbe-4e8a-47a1-bb0d-f37d8f51e2a5|ngb
1976bf4e-6486-4d2e-a5b9-8f63865b503f|Morfologia - Verbo - Auxiliar|Auxiliar|08096fbe-4e8a-47a1-bb0d-f37d8f51e2a5|ngb|cc
dcd7988e-3d61-425f-9f22-92b39d56abfd|Morfologia - Verbo - Bitransitivo|Bitransitivo|08096fbe-4e8a-47a1-bb0d-f37d8f51e2a5|ngb
52581331-8899-4df4-aea0-c8d956a33731|Morfologia - Verbo - Composto|Composto|08096fbe-4e8a-47a1-bb0d-f37d8f51e2a5|ngb
95853835-c407-4db9-9a8e-cc43cf41c1cc|Morfologia - Verbo - Defectivo|Defectivo|08096fbe-4e8a-47a1-bb0d-f37d8f51e2a5|ngb
69e42cc9-d328-4841-a84a-e73f9e18ffc8|Morfologia - Verbo - Derivado|Derivado|08096fbe-4e8a-47a1-bb0d-f37d8f51e2a5|ngb
7a50e492-f497-4ba6-b9cd-ec97afdd13c8|Morfologia - Verbo - Intransitivo|Intransitivo|08096fbe-4e8a-47a1-bb0d-f37d8f51e2a5|ngb|cc
dc99ad89-bcee-4c4a-a901-a4d29877ac72|Morfologia - Verbo - Irregular|Irregular|08096fbe-4e8a-47a1-bb0d-f37d8f51e2a5|ngb
6462cabb-bb4a-4a09-bb46-0b63313a6db2|Morfologia - Verbo - Ligação|Ligação|08096fbe-4e8a-47a1-bb0d-f37d8f51e2a5|ngb|cc
95c9e584-8ef8-4848-950b-030457014c4c|Morfologia - Verbo - Locução verbal|Locução verbal|08096fbe-4e8a-47a1-bb0d-f37d8f51e2a5|ngb
54092e56-424d-4524-a01a-318ae991d0ff|Morfologia - Verbo - Modo|Modo|08096fbe-4e8a-47a1-bb0d-f37d8f51e2a5|ngb|cc
cafe537e-2aa1-4af3-96fd-107a73085a34|Morfologia - Verbo - Modo - Imperativo|Imperativo|54092e56-424d-4524-a01a-318ae991d0ff|ngb|cc
15370747-8d3b-41ee-b12c-511b95c0b204|Morfologia - Verbo - Modo - Imperativo - Afirmativo|Afirmativo|cafe537e-2aa1-4af3-96fd-107a73085a34|ngb
08fb1889-17ad-4b48-b631-28e4f7006382|Morfologia - Verbo - Modo - Imperativo - Negativo|Negativo|cafe537e-2aa1-4af3-96fd-107a73085a34|ngb
78457ef4-1349-4625-8d74-72b22b077423|Morfologia - Verbo - Modo - Indicativo|Indicativo|54092e56-424d-4524-a01a-318ae991d0ff|ngb|cc
705a027f-4c0a-49a4-9d61-0abd5b4e8d7e|Morfologia - Verbo - Modo - Subjuntivo|Subjuntivo|54092e56-424d-4524-a01a-318ae991d0ff|ngb|cc
4f85ed91-60cd-4700-9953-c9c15d008a74|Morfologia - Verbo - Número|Número|08096fbe-4e8a-47a1-bb0d-f37d8f51e2a5|ngb|cc
ffc159c4-8870-4708-b0e3-ef2c5aca77d4|Morfologia - Verbo - Número - Plural|Plural|4f85ed91-60cd-4700-9953-c9c15d008a74|ngb|cc
627f2ff0-ad90-4250-87b2-7f5af493b2ae|Morfologia - Verbo - Número - Singular|Singular|4f85ed91-60cd-4700-9953-c9c15d008a74|ngb|cc
bc77de07-88ac-4cc0-b8ad-dad2cab0206a|Morfologia - Verbo - Pessoa|Pessoa|08096fbe-4e8a-47a1-bb0d-f37d8f51e2a5|ngb|cc
6beb2044-8862-4785-acfa-aa8a0d9bc62e|Morfologia - Verbo - Pessoa - 1ª Pessoa|1ª Pessoa|bc77de07-88ac-4cc0-b8ad-dad2cab0206a|ngb|cc
c0960a1a-e572-4a17-82f9-2f4f47cc879e|Morfologia - Verbo - Pessoa - 2ª Pessoa|2ª Pessoa|bc77de07-88ac-4cc0-b8ad-dad2cab0206a|ngb|cc
713befec-2ce5-4836-905a-e644e065cf2b|Morfologia - Verbo - Pessoa - 3ª Pessoa|3ª Pessoa|bc77de07-88ac-4cc0-b8ad-dad2cab0206a|ngb|cc
c4bdc4d9-a5b2-4633-b8aa-5cfb870fbca1|Morfologia - Verbo - Primitivo|Primitivo|08096fbe-4e8a-47a1-bb0d-f37d8f51e2a5|ngb
76c891ab-f1ca-4319-a4ea-dee853fbc5d9|Morfologia - Verbo - Pronominal|Pronominal|08096fbe-4e8a-47a1-bb0d-f37d8f51e2a5|
a97175ec-5a5c-4964-8cff-3b069028a9f4|Morfologia - Verbo - Regular|Regular|08096fbe-4e8a-47a1-bb0d-f37d8f51e2a5|ngb
eb24fc88-b26a-4d93-8dc7-0433340cf4a7|Morfologia - Verbo - Simples|Simples|08096fbe-4e8a-47a1-bb0d-f37d8f51e2a5|ngb
9497e69f-bf19-4044-82b1-0a1996c975ac|Morfologia - Verbo - Tempo verbal|Tempo verbal|08096fbe-4e8a-47a1-bb0d-f37d8f51e2a5|ngb|cc
2213dcf1-233d-466c-ba1c-e38c4e5685b8|Morfologia - Verbo - Tempo verbal - Futuro|Futuro|9497e69f-bf19-4044-82b1-0a1996c975ac|ngb|cc
64ad3c50-7f2b-4568-8a90-0d3c61c738d4|Morfologia - Verbo - Tempo verbal - Futuro do presente|Futuro do presente|9497e69f-bf19-4044-82b1-0a1996c975ac|ngb|cc
87b9cea0-076d-45d0-933f-b3a45cb1ac7d|Morfologia - Verbo - Tempo verbal - Futuro do presente - Composto|Composto|64ad3c50-7f2b-4568-8a90-0d3c61c738d4|ngb
47b4465b-a09d-405f-a423-5d9f858b46d6|Morfologia - Verbo - Tempo verbal - Futuro do presente - Simples|Simples|64ad3c50-7f2b-4568-8a90-0d3c61c738d4|ngb
a009368d-440c-479b-8c92-5ada8322442c|Morfologia - Verbo - Tempo verbal - Futuro do pretérito|Futuro do pretérito|9497e69f-bf19-4044-82b1-0a1996c975ac|ngb|cc
b2872dc2-4e48-43fd-9e0f-87469f2dc2dc|Morfologia - Verbo - Tempo verbal - Futuro do pretérito - Composto|Composto|a009368d-440c-479b-8c92-5ada8322442c|ngb
b7f0b776-276d-49d6-af0d-5a1b383c0ac8|Morfologia - Verbo - Tempo verbal - Futuro do pretérito - Simples|Simples|a009368d-440c-479b-8c92-5ada8322442c|ngb
22343020-d444-4d6e-90c9-4fd497b15361|Morfologia - Verbo - Tempo verbal - Gerúndio|Gerúndio|9497e69f-bf19-4044-82b1-0a1996c975ac|ngb|cc
13666fb2-ca9c-4085-934e-f16f182fc29a|Morfologia - Verbo - Tempo verbal - Imperativo|Imperativo|9497e69f-bf19-4044-82b1-0a1996c975ac|ngb|cc
67f1785e-03ad-4d07-b2c8-173271ccb2e8|Morfologia - Verbo - Tempo verbal - Infinitivo|Infinitivo|9497e69f-bf19-4044-82b1-0a1996c975ac|ngb|cc
ecb8b4e9-f39a-42ab-aaab-da84519f71b4|Morfologia - Verbo - Tempo verbal - Infinitivo - Impessoal|Impessoal|67f1785e-03ad-4d07-b2c8-173271ccb2e8|ngb
a813552e-2add-4790-a53c-ce30f2ce74ef|Morfologia - Verbo - Tempo verbal - Infinitivo - Pessoal|Pessoal|67f1785e-03ad-4d07-b2c8-173271ccb2e8|ngb
d2362472-a59b-4970-ac79-195d212b7cd5|Morfologia - Verbo - Tempo verbal - Infinitivo - Pessoal - Flexionado|Flexionado|a813552e-2add-4790-a53c-ce30f2ce74ef|ngb
a196b24a-9cd3-4373-bc81-3bd46fe58929|Morfologia - Verbo - Tempo verbal - Infinitivo - Pessoal - Não flexionado|Não flexionado|a813552e-2add-4790-a53c-ce30f2ce74ef|ngb
1fa2b9fc-5f79-4b57-8b7f-67ffd4f04f2b|Morfologia - Verbo - Tempo verbal - Particípio|Particípio|9497e69f-bf19-4044-82b1-0a1996c975ac|ngb|cc
5bcdb5e0-1032-4482-ba35-f3871529185c|Morfologia - Verbo - Tempo verbal - Presente|Presente|9497e69f-bf19-4044-82b1-0a1996c975ac|ngb|cc
39eeec1b-46db-427d-9399-198c58c1ec35|Morfologia - Verbo - Tempo verbal - Pretérito|Pretérito|9497e69f-bf19-4044-82b1-0a1996c975ac|ngb|cc
383178e6-aada-4c86-b92b-2e1a1af2e7eb|Morfologia - Verbo - Tempo verbal - Pretérito - Imperfeito|Imperfeito|39eeec1b-46db-427d-9399-198c58c1ec35|ngb|cc
6a58af1c-8622-4aeb-baa3-ba740392960f|Morfologia - Verbo - Tempo verbal - Pretérito - Imperfeito - Composto|Composto|383178e6-aada-4c86-b92b-2e1a1af2e7eb|ngb
da735031-7113-40a9-9455-d53a25864e90|Morfologia - Verbo - Tempo verbal - Pretérito - Imperfeito - Simples|Simples|383178e6-aada-4c86-b92b-2e1a1af2e7eb|ngb
d5124814-7265-4c13-a6d6-305833620183|Morfologia - Verbo - Tempo verbal - Pretérito - Mais-que-perfeito|Mais-que-perfeito|39eeec1b-46db-427d-9399-198c58c1ec35|ngb|cc
3d35d874-6312-442f-81a2-1fcb5ff7e84b|Morfologia - Verbo - Tempo verbal - Pretérito - Mais-que-perfeito - Composto|Composto|d5124814-7265-4c13-a6d6-305833620183|ngb
330b1a23-caf5-447b-a5b8-6f3ece05f4b3|Morfologia - Verbo - Tempo verbal - Pretérito - Mais-que-perfeito - Simples|Simples|d5124814-7265-4c13-a6d6-305833620183|ngb
1db64fbd-296a-406d-82f2-42cecae275de|Morfologia - Verbo - Tempo verbal - Pretérito - Perfeito|Perfeito|39eeec1b-46db-427d-9399-198c58c1ec35|ngb|cc
fcc28a96-c0d1-4ac1-a75e-ca3618711093|Morfologia - Verbo - Tempo verbal - Pretérito - Perfeito - Composto|Composto|1db64fbd-296a-406d-82f2-42cecae275de|ngb
66e954c2-9ec4-4ba9-b926-bab1c83510fd|Morfologia - Verbo - Tempo verbal - Pretérito - Perfeito - Simples|Simples|1db64fbd-296a-406d-82f2-42cecae275de|ngb
6dd5368d-dae3-40e9-8a46-d2c7b53cb0cf|Morfologia - Verbo - Transitivo|Transitivo|08096fbe-4e8a-47a1-bb0d-f37d8f51e2a5|ngb|cc
f9933bac-b807-4ba5-8365-1aa78c7b7cdb|Morfologia - Verbo - Transitivo direto|Transitivo direto|08096fbe-4e8a-47a1-bb0d-f37d8f51e2a5|ngb|cc
d24c17b4-5588-4c8d-adbe-c572c4f6117a|Morfologia - Verbo - Transitivo indireto|Transitivo indireto|08096fbe-4e8a-47a1-bb0d-f37d8f51e2a5|ngb|cc
8c0a7475-d886-4c96-aa4a-65b3b1c0f41c|Morfologia - Verbo - Voz|Voz|08096fbe-4e8a-47a1-bb0d-f37d8f51e2a5|ngb|cc
cf414328-0155-4aba-885c-91932ebfc964|Morfologia - Verbo - Voz - Ativa|Ativa|8c0a7475-d886-4c96-aa4a-65b3b1c0f41c|ngb|cc
8fcf8338-6b65-4503-bfea-96bb2ea41714|Morfologia - Verbo - Voz - Passiva|Passiva|8c0a7475-d886-4c96-aa4a-65b3b1c0f41c|ngb|cc
bcf39012-5633-4ab1-a6bc-4465b0af1e62|Morfologia - Verbo - Voz - Reflexiva|Reflexiva|8c0a7475-d886-4c96-aa4a-65b3b1c0f41c|ngb|cc
17e4650e-d054-4ace-8608-fd988c898723|Semântica|Semântica|null|ngb
b9d66aa6-07a8-4371-842b-096fec48fdaa|Semântica - Antônimos|Antônimos|17e4650e-d054-4ace-8608-fd988c898723|ngb
ed5239d5-21e4-4e53-a3a1-fc5ee7738736|Semântica - Conotação|Conotação|17e4650e-d054-4ace-8608-fd988c898723|ngb
c08a7075-048f-46f5-80d2-3169e75c762d|Semântica - Denotação|Denotação|17e4650e-d054-4ace-8608-fd988c898723|ngb
2d4615bc-7f60-44af-a48f-046e62b4a408|Semântica - Homônimos|Homônimos|17e4650e-d054-4ace-8608-fd988c898723|ngb
4bcc6621-339f-4bb9-bc87-711351b3b7cf|Semântica - Parônimos|Parônimos|17e4650e-d054-4ace-8608-fd988c898723|ngb
5df990dc-6822-4089-9a1e-20e5c87f218c|Semântica - Polissemia|Polissemia|17e4650e-d054-4ace-8608-fd988c898723|ngb
b42359df-799d-4178-84b0-e37798794569|Semântica - Sentido figurado|Sentido figurado|17e4650e-d054-4ace-8608-fd988c898723|ngb
aa8366e3-a402-4ed8-a289-e24c7cac1c9d|Semântica - Sinônimos|Sinônimos|17e4650e-d054-4ace-8608-fd988c898723|ngb
c18cbf3b-e680-42e1-958e-b3a1dbd9fa85|Semântica - Sílaba|Sílaba|17e4650e-d054-4ace-8608-fd988c898723|ngb
36d65906-2a38-441a-a314-6c759a313788|Semântica - Sílaba - Subtônica|Subtônica|c18cbf3b-e680-42e1-958e-b3a1dbd9fa85|ngb
676e821e-a3de-4d00-8112-491fce235151|Semântica - Sílaba - Tônica|Tônica|c18cbf3b-e680-42e1-958e-b3a1dbd9fa85|ngb
dba78cd6-03f7-4f96-94a3-b27a917d3531|Semântica - Sílaba - Átona|Átona|c18cbf3b-e680-42e1-958e-b3a1dbd9fa85|ngb
2818a0aa-6917-4762-8506-67295ce8f4d5|Semântica - Sílaba - Átona - Postônica|Postônica|dba78cd6-03f7-4f96-94a3-b27a917d3531|ngb
7a8d1dcd-9946-4c18-bf9d-e53642a778f5|Semântica - Sílaba - Átona - Pretônica|Pretônica|dba78cd6-03f7-4f96-94a3-b27a917d3531|ngb
fcb86ff1-859e-465b-8b9c-2ee88ebe84cc|Sintaxe|Sintaxe|null|ngb|cc
78d81b79-1200-4af0-9e03-11744b36d6b9|Sintaxe - Adjunto adnominal|Adjunto adnominal|fcb86ff1-859e-465b-8b9c-2ee88ebe84cc|ngb|cc
c5be7b34-557b-4641-b818-e6b7e3da612a|Sintaxe - Adjunto adverbial|Adjunto adverbial|fcb86ff1-859e-465b-8b9c-2ee88ebe84cc|ngb|cc
369af9a8-e664-4c67-8983-273ef90f24b3|Sintaxe - Agente da passiva|Agente da passiva|fcb86ff1-859e-465b-8b9c-2ee88ebe84cc|ngb|cc
12f45f49-ab2b-4001-96b3-1df97a58cf0e|Sintaxe - Aposto|Aposto|fcb86ff1-859e-465b-8b9c-2ee88ebe84cc|ngb|cc
1134bc65-9c8a-4108-b7ae-b33e54b145fc|Sintaxe - Colocação|Colocação|fcb86ff1-859e-465b-8b9c-2ee88ebe84cc|ngb
f8d31996-c274-418c-bf31-a289671293ce|Sintaxe - Complemento nominal|Complemento nominal|fcb86ff1-859e-465b-8b9c-2ee88ebe84cc|ngb|cc
3a5c09c7-ee7f-42c3-af11-a0cd29654995|Sintaxe - Concordância|Concordância|fcb86ff1-859e-465b-8b9c-2ee88ebe84cc|ngb
74c24dda-f1e6-44c1-8f87-48ddf40692a4|Sintaxe - Concordância - Nominal|Nominal|3a5c09c7-ee7f-42c3-af11-a0cd29654995|ngb
37813ed0-ae89-4f54-9b79-a77444ea6520|Sintaxe - Concordância - Verbal|Verbal|3a5c09c7-ee7f-42c3-af11-a0cd29654995|ngb
aa72c6c1-9b99-404f-8010-2a24e6648fbf|Sintaxe - Objeto direto|Objeto direto|fcb86ff1-859e-465b-8b9c-2ee88ebe84cc|ngb|cc
8dbfedfa-81c9-45d1-9105-1314cafeb520|Sintaxe - Objeto indireto|Objeto indireto|fcb86ff1-859e-465b-8b9c-2ee88ebe84cc|ngb|cc
186c16c4-93e1-4d18-8fd5-ffee98456f26|Sintaxe - Oração|Oração|fcb86ff1-859e-465b-8b9c-2ee88ebe84cc|ngb
40f295f1-e671-4e46-b6f0-51ca5ce9eb7c|Sintaxe - Oração - Absoluta|Absoluta|186c16c4-93e1-4d18-8fd5-ffee98456f26|ngb
8d0cd110-295d-49e9-933c-72049eec7234|Sintaxe - Oração - Coordenada|Coordenada|186c16c4-93e1-4d18-8fd5-ffee98456f26|ngb
c56847ac-12c6-4643-95d4-d88e358fa972|Sintaxe - Oração - Coordenada - Assindética|Assindética|8d0cd110-295d-49e9-933c-72049eec7234|ngb
4600aeeb-cd3a-48b8-895a-430b729387ca|Sintaxe - Oração - Coordenada - Sindética|Sindética|8d0cd110-295d-49e9-933c-72049eec7234|ngb
9d34c9de-b1e8-4ee8-9dde-9c9344ff11ae|Sintaxe - Oração - Coordenada - Sindética - Aditiva|Aditiva|4600aeeb-cd3a-48b8-895a-430b729387ca|ngb
cf6b8c36-1ef3-4a78-b373-983c01153b80|Sintaxe - Oração - Coordenada - Sindética - Adversativa|Adversativa|4600aeeb-cd3a-48b8-895a-430b729387ca|ngb
de70388f-018b-4653-b940-8f79565aeab3|Sintaxe - Oração - Coordenada - Sindética - Alternativa|Alternativa|4600aeeb-cd3a-48b8-895a-430b729387ca|ngb
fe130382-4cbb-4dd4-942c-8084cb3b878c|Sintaxe - Oração - Coordenada - Sindética - Conclusiva|Conclusiva|4600aeeb-cd3a-48b8-895a-430b729387ca|ngb
4cdffabf-164f-4179-9ff2-a59ea5a18d77|Sintaxe - Oração - Coordenada - Sindética - Explicativa|Explicativa|4600aeeb-cd3a-48b8-895a-430b729387ca|ngb
03397d46-c80c-4f55-898d-e65e1516d536|Sintaxe - Oração - Principal|Principal|186c16c4-93e1-4d18-8fd5-ffee98456f26|ngb
996d49fa-a140-4727-be81-3ec943b2d64e|Sintaxe - Oração - Subordinada|Subordinada|186c16c4-93e1-4d18-8fd5-ffee98456f26|ngb
5d6ece70-a90d-4a8c-85d7-a28764064ed8|Sintaxe - Oração - Subordinada - Adjetiva|Adjetiva|996d49fa-a140-4727-be81-3ec943b2d64e|ngb
8a98a6e3-f42e-411b-806f-ec8a9121d4ee|Sintaxe - Oração - Subordinada - Adjetiva - Explicativa|Explicativa|5d6ece70-a90d-4a8c-85d7-a28764064ed8|ngb
6730a283-ca5f-4be9-a926-805a0b61a939|Sintaxe - Oração - Subordinada - Adjetiva - Restritiva|Restritiva|5d6ece70-a90d-4a8c-85d7-a28764064ed8|ngb
7ea047b8-c526-4643-bdf5-f842a59f4934|Sintaxe - Oração - Subordinada - Adverbial|Adverbial|996d49fa-a140-4727-be81-3ec943b2d64e|ngb
653292eb-04f9-470e-8786-138aa0b2ae47|Sintaxe - Oração - Subordinada - Adverbial - Causal|Causal|7ea047b8-c526-4643-bdf5-f842a59f4934|ngb
ec747100-e9f4-4649-984c-7d3c667ff585|Sintaxe - Oração - Subordinada - Adverbial - Comparativa|Comparativa|7ea047b8-c526-4643-bdf5-f842a59f4934|ngb
b63b01c9-2e10-46f9-8e23-aec69cf08dc1|Sintaxe - Oração - Subordinada - Concessiva|Concessiva|996d49fa-a140-4727-be81-3ec943b2d64e|ngb
93acbb55-ba44-4954-9ee7-916eb1be0757|Sintaxe - Oração - Subordinada - Condicional|Condicional|996d49fa-a140-4727-be81-3ec943b2d64e|ngb
ac7c6349-c19a-4be2-b11a-0e3bc29eff63|Sintaxe - Oração - Subordinada - Conformativa|Conformativa|996d49fa-a140-4727-be81-3ec943b2d64e|ngb
487ffbcb-1dd5-4b20-8d8b-9d8ad0dd00d9|Sintaxe - Oração - Subordinada - Consecutiva|Consecutiva|996d49fa-a140-4727-be81-3ec943b2d64e|ngb
b4627f91-c5c1-45b8-8886-3be5c0c120f3|Sintaxe - Oração - Subordinada - Final|Final|996d49fa-a140-4727-be81-3ec943b2d64e|ngb
0e5412f5-b67d-4480-835b-3cdc768b26eb|Sintaxe - Oração - Subordinada - Proporcional|Proporcional|996d49fa-a140-4727-be81-3ec943b2d64e|ngb
473e4a6d-6002-462d-bc45-9a9f31e42f27|Sintaxe - Oração - Subordinada - Substantiva|Substantiva|996d49fa-a140-4727-be81-3ec943b2d64e|ngb
4ade8bd5-b89e-46d9-8ddc-1d6655335f06|Sintaxe - Oração - Subordinada - Substantiva - Apositiva|Apositiva|473e4a6d-6002-462d-bc45-9a9f31e42f27|ngb
791b0eba-27aa-4834-912b-5a6957f6693d|Sintaxe - Oração - Subordinada - Substantiva - Completiva nominal|Completiva nominal|473e4a6d-6002-462d-bc45-9a9f31e42f27|ngb
b0d2680f-9295-456b-8c69-b907f7992e99|Sintaxe - Oração - Subordinada - Substantiva - Objetiva Direta|Objetiva Direta|473e4a6d-6002-462d-bc45-9a9f31e42f27|ngb
c04b518d-c4d6-49cc-a4cd-ba582bae6878|Sintaxe - Oração - Subordinada - Substantiva - Objetiva Indireta|Objetiva Indireta|473e4a6d-6002-462d-bc45-9a9f31e42f27|ngb
b5e66283-bc60-4968-8004-544a21d54f18|Sintaxe - Oração - Subordinada - Substantiva - Predicativa|Predicativa|473e4a6d-6002-462d-bc45-9a9f31e42f27|ngb
ce2b79d2-bb87-4bcc-b000-df6179339ec3|Sintaxe - Oração - Subordinada - Substantiva - Subjetiva|Subjetiva|473e4a6d-6002-462d-bc45-9a9f31e42f27|ngb
3828d31b-f1a2-4670-8bfa-c23fd077d17f|Sintaxe - Oração - Subordinada - Temporal|Temporal|996d49fa-a140-4727-be81-3ec943b2d64e|ngb
97ade8be-11f3-456e-ae1c-c9b904f980e7|Sintaxe - Período|Período|fcb86ff1-859e-465b-8b9c-2ee88ebe84cc|ngb|cc
96299690-89fd-457b-9fef-631a0bc6f3e8|Sintaxe - Período - Composto|Composto|97ade8be-11f3-456e-ae1c-c9b904f980e7|ngb|cc
bb3d73bc-ce41-4a12-805f-8f6de20c12af|Sintaxe - Período - Composto - Coordenação|Coordenação|96299690-89fd-457b-9fef-631a0bc6f3e8|ngb|cc
d91b6e0c-3508-4f42-8500-e239ad20cd89|Sintaxe - Período - Composto - Subordinação|Subordinação|96299690-89fd-457b-9fef-631a0bc6f3e8|ngb|cc
c4075ab7-173e-4bce-9ca9-3915225c071e|Sintaxe - Período - Misto|Misto|97ade8be-11f3-456e-ae1c-c9b904f980e7|ngb|cc
439c1acb-c89d-4dc8-a01b-8fef360b0174|Sintaxe - Período - Simples|Simples|97ade8be-11f3-456e-ae1c-c9b904f980e7|ngb|cc
0f7ed92f-00ba-4479-ab86-a321160cf0c8|Sintaxe - Pleonasmo|Pleonasmo|fcb86ff1-859e-465b-8b9c-2ee88ebe84cc|ngb
89eb1b1e-9212-4bf7-bc8a-731f9cd6c25b|Sintaxe - Predicado|Predicado|fcb86ff1-859e-465b-8b9c-2ee88ebe84cc|ngb
24fc181f-f1eb-420c-aca8-a75b723d3cec|Sintaxe - Predicado - Nominal|Nominal|89eb1b1e-9212-4bf7-bc8a-731f9cd6c25b|ngb
65130387-aa6b-4b65-af25-a4460826605b|Sintaxe - Predicado - Verbal|Verbal|89eb1b1e-9212-4bf7-bc8a-731f9cd6c25b|ngb
5959061f-16a3-4c65-ab51-b10b1b3e4e37|Sintaxe - Predicado - Verbo-nominal|Verbo-nominal|89eb1b1e-9212-4bf7-bc8a-731f9cd6c25b|ngb
176a0464-22fa-4094-8dc3-036d0cc8b753|Sintaxe - Predicativo do objeto|Predicativo do objeto|fcb86ff1-859e-465b-8b9c-2ee88ebe84cc|ngb|cc
059ab63e-f1a9-4470-8c25-1e27b3722373|Sintaxe - Predicativo do sujeito|Predicativo do sujeito|fcb86ff1-859e-465b-8b9c-2ee88ebe84cc|ngb|cc
00451975-b8fa-4839-af27-536b991a3a46|Sintaxe - Preposição|Preposição|fcb86ff1-859e-465b-8b9c-2ee88ebe84cc|ngb|cc
4bda26bd-b7b9-4027-ac1c-1b2e87e87b73|Sintaxe - Preposição - Acidental|Acidental|00451975-b8fa-4839-af27-536b991a3a46|ngb|cc
f48d5bc6-c460-45dc-a850-f471f8751839|Sintaxe - Preposição - Combinação|Combinação|00451975-b8fa-4839-af27-536b991a3a46|ngb|cc
72ccadda-3ec9-479b-a736-9485a4f3cd8e|Sintaxe - Preposição - Contração|Contração|00451975-b8fa-4839-af27-536b991a3a46|ngb|cc
5a0034b9-3e70-419e-9e5e-898ca6785b6c|Sintaxe - Preposição - Essencial|Essencial|00451975-b8fa-4839-af27-536b991a3a46|ngb|cc
f2805f93-0783-4e5c-878d-a3f16f5c5052|Sintaxe - Preposição - Locução prepositiva|Locução prepositiva|00451975-b8fa-4839-af27-536b991a3a46|ngb|cc
96345139-cb63-4853-ab1a-d1ec908a9ffb|Sintaxe - Sujeito|Sujeito|fcb86ff1-859e-465b-8b9c-2ee88ebe84cc|ngb|cc
dd33bb07-c08f-4667-9e5e-e70950ce28fd|Sintaxe - Sujeito - Composto|Composto|96345139-cb63-4853-ab1a-d1ec908a9ffb|ngb
0741bfba-6987-4043-b98a-c5f8fc2187c6|Sintaxe - Sujeito - Indeterminado|Indeterminado|96345139-cb63-4853-ab1a-d1ec908a9ffb|ngb
377af1b2-39c4-4583-8184-e17ce92327c3|Sintaxe - Sujeito - Simples|Simples|96345139-cb63-4853-ab1a-d1ec908a9ffb|ngb
be9c17a5-d8e8-4bc4-a706-77253cbfa1a7|Sintaxe - Sujeito - sujeito|sujeito|96345139-cb63-4853-ab1a-d1ec908a9ffb|ngb
28d58ab2-9802-435d-a4eb-78f341b349e8|Sintaxe - Tipo|Tipo|fcb86ff1-859e-465b-8b9c-2ee88ebe84cc|ngb|cc
03912922-993a-4f72-b4fa-4e737d31399d|Sintaxe - Tipo - Declarativa (.)|Declarativa (.)|28d58ab2-9802-435d-a4eb-78f341b349e8|ngb|cc
e9ed10cc-7383-4061-b9fd-5df170893abc|Sintaxe - Tipo - Exclamativa (!)|Exclamativa (!)|28d58ab2-9802-435d-a4eb-78f341b349e8|ngb|cc
82988873-b90b-4284-9632-1146974760a0|Sintaxe - Tipo - Imperativa (.!)|Imperativa (.!)|28d58ab2-9802-435d-a4eb-78f341b349e8|ngb|cc
a4eab314-97a7-429f-8b67-b9ce05b96d8e|Sintaxe - Tipo - Interrogativa (?)|Interrogativa (?)|28d58ab2-9802-435d-a4eb-78f341b349e8|ngb|cc
b412950f-00cd-4a50-836d-e6addcd26985|Sintaxe - Verbo de ligação|Verbo de ligação|fcb86ff1-859e-465b-8b9c-2ee88ebe84cc|ngb
a56c7d14-f478-491e-9c91-13590c49218a|Sintaxe - Verbo intransitivo|Verbo intransitivo|fcb86ff1-859e-465b-8b9c-2ee88ebe84cc|ngb
d39bff00-74af-4bcd-8509-2bdb3702bdbe|Sintaxe - Verbo transitivo|Verbo transitivo|fcb86ff1-859e-465b-8b9c-2ee88ebe84cc|ngb
cff00532-0937-4e5f-83d9-5bc36ff07698|Sintaxe - Verbo transitivo - Direto|Direto|d39bff00-74af-4bcd-8509-2bdb3702bdbe|ngb
a302b01e-923d-4675-9f11-529ae6f8c557|Sintaxe - Verbo transitivo - Indireto|Indireto|d39bff00-74af-4bcd-8509-2bdb3702bdbe|ngb
057fa48e-d31f-49e3-862e-66832e05d982|Sintaxe - Vocativo|Vocativo|fcb86ff1-859e-465b-8b9c-2ee88ebe84cc|ngb|cc
